<?xml version="1.0"?>
<doc>
    <assembly>
        <name>DevExpress.ExpressApp.Chart.Win.v17.1</name>
    </assembly>
    <members>
        <member name="T:DevExpress.ExpressApp.Chart.Win.ChartWindowsFormsModule">

            <summary>
                <para>The module contained in the <i>DevExpress.ExpressApp.Chart.Win.v17.1.dll</i> assembly.
</para>
            </summary>

        </member>
        <member name="M:DevExpress.ExpressApp.Chart.Win.ChartWindowsFormsModule.#ctor">
            <summary>
                <para>Creates an instance of the ChartWindowsFormsModule class.
</para>
            </summary>


        </member>
        <member name="M:DevExpress.ExpressApp.Chart.Win.ChartWindowsFormsModule.GetModuleUpdaters(DevExpress.ExpressApp.IObjectSpace,System.Version)">
            <summary>
                <para>Returns the list of <see cref="T:DevExpress.ExpressApp.Updating.ModuleUpdater"/> updaters that handle database updates for the ChartWindowsFormsModule module.
</para>
            </summary>
            <param name="objectSpace">
		An <see cref="T:DevExpress.ExpressApp.IObjectSpace"/> object which represents the Object Space used to update the database.

            </param>
            <param name="versionFromDB">
		A <b>System.Version</b> object which represents the current database version.

            </param>
            <returns>An IEnumerable&lt;<see cref="T:DevExpress.ExpressApp.Updating.ModuleUpdater"/>&gt; list of updaters that handle database updates for the ChartWindowsFormsModule module.
</returns>


        </member>
        <member name="T:DevExpress.ExpressApp.Chart.Win.ChartListEditor">

            <summary>
                <para>Represents the charting List Editor used in the <b>XAF</b> Windows Forms applications.
</para>
            </summary>

        </member>
        <member name="M:DevExpress.ExpressApp.Chart.Win.ChartListEditor.#ctor(DevExpress.ExpressApp.Model.IModelListView)">
            <summary>
                <para>Creates and initializes an instance of the ChartListEditor class.
</para>
            </summary>
            <param name="model">
		An <see cref="T:DevExpress.ExpressApp.Model.IModelListView"/> object representing the Application Model's node, which contains information on the View that will use the instantiated List Editor.

            </param>


        </member>
        <member name="P:DevExpress.ExpressApp.Chart.Win.ChartListEditor.BorderStyle">
            <summary>
                <para>Gets or sets the border style for the target Chart Control.
</para>
            </summary>
            <value>A <see cref="T:DevExpress.XtraEditors.Controls.BorderStyles"/> enumeration value specifying the border style of the target Chart Control.
</value>


        </member>
        <member name="M:DevExpress.ExpressApp.Chart.Win.ChartListEditor.BreakLinksToControls">
            <summary>
                <para>Removes references to the ChartListEditor's control and its event handlers.
</para>
            </summary>


        </member>
        <member name="P:DevExpress.ExpressApp.Chart.Win.ChartListEditor.ChartControl">
            <summary>
                <para>Provides access to the ChartListEditor's control.
</para>
            </summary>
            <value>A <see cref="T:DevExpress.XtraCharts.ChartControl"/> object representing the current List Editor's control.
</value>


        </member>
        <member name="M:DevExpress.ExpressApp.Chart.Win.ChartListEditor.OnExporting">
            <summary>
                <para>Performs the required pre-export actions under the <b>ChartListEditor</b>.
</para>
            </summary>


        </member>
        <member name="P:DevExpress.ExpressApp.Chart.Win.ChartListEditor.Printable">
            <summary>
                <para>Specifies the control to be exported via the <see cref="P:DevExpress.ExpressApp.SystemModule.ExportController.ExportAction"/>.
</para>
            </summary>
            <value>An <b>IPrintable</b> object that is the control used for exporting. The default value is the ChartListEditor's <see cref="P:DevExpress.ExpressApp.Chart.Win.ChartListEditor.ChartControl"/> property value.

</value>


        </member>
        <member name="E:DevExpress.ExpressApp.Chart.Win.ChartListEditor.PrintableChanged">
            <summary>
                <para>Occurs when the ChartListEditor's controls are created and disposed of.
</para>
            </summary>


        </member>
        <member name="P:DevExpress.ExpressApp.Chart.Win.ChartListEditor.SupportedExportFormats">
            <summary>
                <para>Provides access to the list of export formats supported by the current Chart List Editor.
</para>
            </summary>
            <value>An <b>List&lt;</b><see cref="T:DevExpress.XtraPrinting.ExportTarget"/><b>&gt;</b> object that is a list of supported export formats.
</value>


        </member>
    </members>
</doc>
