<?xml version="1.0"?>
<doc>
    <assembly>
        <name>DevExpress.ExpressApp.Notifications.Win.v17.1</name>
    </assembly>
    <members>
        <member name="T:DevExpress.ExpressApp.Notifications.Win.WinNotificationsController">

            <summary>
                <para> </para>
            </summary>

        </member>
        <member name="M:DevExpress.ExpressApp.Notifications.Win.WinNotificationsController.#ctor">
            <summary>
                <para>Creates a new instance of the WinNotificationsController class.
</para>
            </summary>


        </member>
        <member name="M:DevExpress.ExpressApp.Notifications.Win.WinNotificationsController.RefreshNotifications">
            <summary>
                <para> </para>
            </summary>


        </member>
    </members>
</doc>
