<?xml version="1.0"?>
<doc>
    <assembly>
        <name>DevExpress.ExpressApp.HtmlPropertyEditor.Win.v17.1</name>
    </assembly>
    <members>
        <member name="T:DevExpress.ExpressApp.HtmlPropertyEditor.Win.HtmlPropertyEditorWindowsFormsModule">

            <summary>
                <para>The module contained in the <i>DevExpress.ExpressApp.HTMLPropertyEditor.Win.v17.1.dll</i> assembly.
</para>
            </summary>

        </member>
        <member name="M:DevExpress.ExpressApp.HtmlPropertyEditor.Win.HtmlPropertyEditorWindowsFormsModule.#ctor">
            <summary>
                <para>Creates an instance of the HtmlPropertyEditorWindowsFormsModule class.
</para>
            </summary>


        </member>
        <member name="M:DevExpress.ExpressApp.HtmlPropertyEditor.Win.HtmlPropertyEditorWindowsFormsModule.GetModuleUpdaters(DevExpress.ExpressApp.IObjectSpace,System.Version)">
            <summary>
                <para>Returns the list of <see cref="T:DevExpress.ExpressApp.Updating.ModuleUpdater"/> updaters that handle database updates for the HtmlPropertyEditorWindowsFormsModule module.
</para>
            </summary>
            <param name="objectSpace">
		An <see cref="T:DevExpress.ExpressApp.IObjectSpace"/> object which represents the Object Space used to update the database.

            </param>
            <param name="versionFromDB">
		A <b>System.Version</b> object which represents the current database version.

            </param>
            <returns>An IEnumerable&lt;<see cref="T:DevExpress.ExpressApp.Updating.ModuleUpdater"/>&gt; list of updaters that handle database updates for the HtmlPropertyEditorWindowsFormsModule module.
</returns>


        </member>
        <member name="M:DevExpress.ExpressApp.HtmlPropertyEditor.Win.HtmlPropertyEditorWindowsFormsModule.GetXafResourceLocalizerTypes">
            <summary>
                <para>Returns a collection of additional Resource Localizer types that can be used in an application that uses the HtmlPropertyEditorWindowsFormsModule.
</para>
            </summary>
            <returns>An <b>ICollection&lt;Type&gt;</b> collection containing the types of the Resource Localizers supplied with the <b>HtmlPropertyEditorWindowsFormsModule</b>.
</returns>


        </member>
    </members>
</doc>
