<?xml version="1.0"?>
<doc>
    <assembly>
        <name>DevExpress.ExpressApp.Workflow.v17.1</name>
    </assembly>
    <members>
        <member name="T:DevExpress.ExpressApp.Workflow.WorkflowModule">

            <summary>
                <para>The module contained in the <i>DevExpress.ExpressApp.Workflow.v17.1.dll</i> assembly.
</para>
            </summary>

        </member>
        <member name="M:DevExpress.ExpressApp.Workflow.WorkflowModule.#ctor">
            <summary>
                <para>Creates an instance of the WorkflowModule class.
</para>
            </summary>


        </member>
        <member name="P:DevExpress.ExpressApp.Workflow.WorkflowModule.ActivateStartWorkflowController">
            <summary>
                <para>Specifies whether or not the <b>StartWorkflowController</b> is active.
</para>
            </summary>
            <value><b>true</b>, if the <b>StartWorkflowController</b> is active; otherwise - <b>false</b>.
</value>


        </member>
        <member name="M:DevExpress.ExpressApp.Workflow.WorkflowModule.GetModuleUpdaters(DevExpress.ExpressApp.IObjectSpace,System.Version)">
            <summary>
                <para>Returns the list of <see cref="T:DevExpress.ExpressApp.Updating.ModuleUpdater"/> updaters that handle database updates for the WorkflowModule module.
</para>
            </summary>
            <param name="objectSpace">
		An <see cref="T:DevExpress.ExpressApp.IObjectSpace"/> object which represents the Object Space used to update the database.

            </param>
            <param name="versionFromDB">
		A <b>System.Version</b> object which represents the current database version.

            </param>
            <returns>An IEnumerable&lt;<see cref="T:DevExpress.ExpressApp.Updating.ModuleUpdater"/>&gt; list of updaters that handle database updates for the WorkflowModule module.
</returns>


        </member>
        <member name="F:DevExpress.ExpressApp.Workflow.WorkflowModule.ModuleName">
            <summary>
                <para>Specifies the name of the current module.
</para>
            </summary>
            <returns> </returns>


        </member>
        <member name="P:DevExpress.ExpressApp.Workflow.WorkflowModule.Name">
            <summary>
                <para>Gets the name of the current module.
</para>
            </summary>
            <value>A string which is the name of the current module.
</value>


        </member>
        <member name="P:DevExpress.ExpressApp.Workflow.WorkflowModule.RunningWorkflowInstanceInfoType">
            <summary>
                <para>Specifies the type of objects that supply information on running workflow instances.
</para>
            </summary>
            <value>The type of objects that supply information on running workflow instances.
</value>


        </member>
        <member name="P:DevExpress.ExpressApp.Workflow.WorkflowModule.StartWorkflowRequestType">
            <summary>
                <para>Species the type of objects used as workflow instance execution requests.
</para>
            </summary>
            <value>The type of objects used as workflow instance execution requests. 
</value>


        </member>
        <member name="P:DevExpress.ExpressApp.Workflow.WorkflowModule.UserActivityVersionType">
            <summary>
                <para>Specifies the type of objects used to persist versioning data for custom user activities.
</para>
            </summary>
            <value>The type of objects used to persist versioning data for custom user activities.
</value>


        </member>
        <member name="F:DevExpress.ExpressApp.Workflow.WorkflowModule.WorkflowActionCategory">
            <summary>
                <para>Specifies the category for workflow debugging Actions.
</para>
            </summary>
            <returns> </returns>


        </member>
        <member name="P:DevExpress.ExpressApp.Workflow.WorkflowModule.WorkflowControlCommandRequestType">
            <summary>
                <para>Species the type of objects used as running workflow instance management requests.
</para>
            </summary>
            <value>The type of objects used as running workflow instance management requests.

</value>


        </member>
        <member name="P:DevExpress.ExpressApp.Workflow.WorkflowModule.WorkflowDefinitionType">
            <summary>
                <para>Specifies the type of workflow definition objects.
</para>
            </summary>
            <value>The type of workflow definition objects.
</value>


        </member>
        <member name="P:DevExpress.ExpressApp.Workflow.WorkflowModule.WorkflowInstanceKeyType">
            <summary>
                <para>Specifies the type of workflow instance keys corresponding to workflow instances executed on the server. 
</para>
            </summary>
            <value>The type of workflow instance keys corresponding to workflow instances executed on the server. 
</value>


        </member>
        <member name="P:DevExpress.ExpressApp.Workflow.WorkflowModule.WorkflowInstanceType">
            <summary>
                <para>Specifies the type of workflow instances executed on the server.
</para>
            </summary>
            <value>The type of workflow instances executed on the server.
</value>


        </member>
    </members>
</doc>
