<?xml version="1.0"?>
<doc>
    <assembly>
        <name>DevExpress.ExpressApp.TreeListEditors.Win.v17.1</name>
    </assembly>
    <members>
        <member name="T:DevExpress.ExpressApp.TreeListEditors.Win.TreeListEditor">

            <summary>
                <para>Represents a Windows Forms List Editor that displays data in the form of a tree-like structure.
</para>
            </summary>

        </member>
        <member name="M:DevExpress.ExpressApp.TreeListEditors.Win.TreeListEditor.#ctor(DevExpress.ExpressApp.Model.IModelListView)">
            <summary>
                <para>Creates and initializes an instance of the TreeListEditor class.
</para>
            </summary>
            <param name="model">
		An <see cref="T:DevExpress.ExpressApp.Model.IModelListView"/> object representing the Application Model's node, which contains information on the View that will use the instantiated List Editor.

            </param>


        </member>
        <member name="P:DevExpress.ExpressApp.TreeListEditors.Win.TreeListEditor.Adapter">
            <summary>
                <para>Provides access to the tree node adapter used by the TreeListEditor.
</para>
            </summary>
            <value>A <b>TreeNodeInterfaceAdapter</b> object that represents the tree node adapter used by the <b>TreeListEditor</b>.
</value>


        </member>
        <member name="M:DevExpress.ExpressApp.TreeListEditors.Win.TreeListEditor.ApplyModel">
            <summary>
                <para>Updates the current List Editor's state in accordance with the information stored in the Application Model.
</para>
            </summary>


        </member>
        <member name="E:DevExpress.ExpressApp.TreeListEditors.Win.TreeListEditor.BeginCustomization">
            <summary>
                <para>Occurs after the customization form that displays headers of hidden columns has been displayed.
</para>
            </summary>


        </member>
        <member name="M:DevExpress.ExpressApp.TreeListEditors.Win.TreeListEditor.BeginUpdate">
            <summary>
                <para>Prevents the TreeListEditor's control from being updated until the <see cref="M:DevExpress.ExpressApp.TreeListEditors.Win.TreeListEditor.EndUpdate"/> method is called. 
</para>
            </summary>


        </member>
        <member name="P:DevExpress.ExpressApp.TreeListEditors.Win.TreeListEditor.BorderStyle">
            <summary>
                <para>Gets or sets the border style for the target Tree List.
</para>
            </summary>
            <value>A <see cref="T:DevExpress.XtraEditors.Controls.BorderStyles"/> enumeration value specifying the border style of the target Tree List.
</value>


        </member>
        <member name="M:DevExpress.ExpressApp.TreeListEditors.Win.TreeListEditor.BreakLinksToControls">
            <summary>
                <para>Removes references to the TreeListEditor's control and its event handlers.
</para>
            </summary>


        </member>
        <member name="M:DevExpress.ExpressApp.TreeListEditors.Win.TreeListEditor.CanShowPopupMenu(System.Drawing.Point)">
            <summary>
                <para>Returns a Boolean value that indicates whether it is possible to invoke a context menu at the specified position.
</para>
            </summary>
            <param name="position">
		A <see cref="T:System.Drawing.Point"/> object that specifies the position at which a context menu is invoked.

            </param>
            <returns><b>true</b> if it is possible to invoke a context menu at the specified position; otherwise <b>false</b>.
</returns>


        </member>
        <member name="P:DevExpress.ExpressApp.TreeListEditors.Win.TreeListEditor.ClearFocusedObjectOnMouseClick">
            <summary>
                <para>Specifies whether the focused object can be deselected by clicking on the TreeListEditor's region not occupied by a node.
</para>
            </summary>
            <value><b>true</b>, if the focused object can be deselected by clicking on the <b>TreeListEditor</b>'s region not occupied by a node; otherwise, <b>false</b>. The default value is <b>true</b>.
</value>


        </member>
        <member name="P:DevExpress.ExpressApp.TreeListEditors.Win.TreeListEditor.Columns">
            <summary>
                <para>Provides access to a collection of objects representing the TreeListEditor's columns.
</para>
            </summary>
            <value>An <b>IList&lt;ColumnWrapper&gt;</b> object representing a collection of TreeListEditor's column wrappers.
</value>


        </member>
        <member name="P:DevExpress.ExpressApp.TreeListEditors.Win.TreeListEditor.ContextMenuTemplate">
            <summary>
                <para>Provides access to the TreeListEditor's Context Menu Template.
</para>
            </summary>
            <value>A control which implements the <b>IContextMenuTemplate</b> interface and represents a List Editor's Context Menu Template.
</value>


        </member>
        <member name="P:DevExpress.ExpressApp.TreeListEditors.Win.TreeListEditor.DeferredNodeLoading">
            <summary>
                <para>Indicates whether deferred node loading is enabled.
</para>
            </summary>
            <value><b>true</b>, if the deferred node loading is enabled; otherwise, <b>false</b>. The default is <b>true</b>.
</value>


        </member>
        <member name="M:DevExpress.ExpressApp.TreeListEditors.Win.TreeListEditor.Dispose">
            <summary>
                <para>Releases all resources used by the TreeListEditor.
</para>
            </summary>


        </member>
        <member name="E:DevExpress.ExpressApp.TreeListEditors.Win.TreeListEditor.EndCustomization">
            <summary>
                <para>Occurs before the customization form that displays headers of hidden columns has been closed.
</para>
            </summary>


        </member>
        <member name="M:DevExpress.ExpressApp.TreeListEditors.Win.TreeListEditor.EndUpdate">
            <summary>
                <para>Unlocks the TreeListEditor's control after a call to the <see cref="M:DevExpress.ExpressApp.TreeListEditors.Win.TreeListEditor.BeginUpdate"/> method and causes an immediate update. 
</para>
            </summary>


        </member>
        <member name="P:DevExpress.ExpressApp.TreeListEditors.Win.TreeListEditor.FocusedObject">
            <summary>
                <para>Gets or sets the focused object in the TreeListEditor.
</para>
            </summary>
            <value>The focused object.
</value>


        </member>
        <member name="M:DevExpress.ExpressApp.TreeListEditors.Win.TreeListEditor.GetIndexByObject(System.Object)">
            <summary>
                <para>Returns the index of an object that represents the TreeListEditor's node.
</para>
            </summary>
            <param name="obj">
		An object that represents the <b>TreeListEditor</b>'s node.

            </param>
            <returns>An index of an object that represents the <b>TreeListEditor</b>'s node.
</returns>


        </member>
        <member name="M:DevExpress.ExpressApp.TreeListEditors.Win.TreeListEditor.GetObjectByIndex(System.Int32)">
            <summary>
                <para>Returns an object that represents the TreeListEditor's node with the specified index. 
</para>
            </summary>
            <param name="index">
		The index of the <b>TreeListEditor</b>'s node.

            </param>
            <returns>An object that represents the <b>TreeListEditor</b>'s node with the specified index.
</returns>


        </member>
        <member name="M:DevExpress.ExpressApp.TreeListEditors.Win.TreeListEditor.GetOrderedObjects">
            <summary>
                <para>Returns an ordered list of objects that represent the TreeListEditor's nodes.
</para>
            </summary>
            <returns>An ordered list of objects that represent the <b>TreeListEditor</b>'s nodes.
</returns>


        </member>
        <member name="M:DevExpress.ExpressApp.TreeListEditors.Win.TreeListEditor.GetSelectedObjects">
            <summary>
                <para>Provides access to the collection of objects that are currently selected in the <see cref="T:DevExpress.ExpressApp.TreeListEditors.Win.TreeListEditor"/>'s TreeList control.
</para>
            </summary>
            <returns>A list of the selected objects.
</returns>


        </member>
        <member name="P:DevExpress.ExpressApp.TreeListEditors.Win.TreeListEditor.HoldRootValue">
            <summary>
                <para>Specifies whether the nodes whose parent node is absent in the TreeListEditor's data source should be displayed as root.
</para>
            </summary>
            <value><b>true</b>, if the nodes whose parent node is absent in the data source are displayed as root; otherwise, <b>false</b>. The default value is <b>false</b>.
</value>


        </member>
        <member name="P:DevExpress.ExpressApp.TreeListEditors.Win.TreeListEditor.IsFooterVisible">
            <summary>
                <para>Specifies whether the TreeListEditor's footer is visible.
</para>
            </summary>
            <value><b>true</b>, if the footer is visible; otherwise, <b>false</b>.
</value>


        </member>
        <member name="P:DevExpress.ExpressApp.TreeListEditors.Win.TreeListEditor.Name">
            <summary>
                <para>Specifies the TreeListEditor's name.
</para>
            </summary>
            <value>A <b>String</b> value representing the current List Editor's name.
</value>


        </member>
        <member name="M:DevExpress.ExpressApp.TreeListEditors.Win.TreeListEditor.OnExporting">
            <summary>
                <para>Performs the required pre-export actions under the <b>TreeListEditor</b>.
</para>
            </summary>


        </member>
        <member name="P:DevExpress.ExpressApp.TreeListEditors.Win.TreeListEditor.PopupSite">
            <summary>
                <para>Returns the control over which a context menu is being invoked.
</para>
            </summary>
            <value>A <see cref="T:System.Windows.Forms.Control"/> object that represents the control over which a context menu is being invoked.
</value>


        </member>
        <member name="P:DevExpress.ExpressApp.TreeListEditors.Win.TreeListEditor.Printable">
            <summary>
                <para>Specifies the control to be exported via the <see cref="P:DevExpress.ExpressApp.SystemModule.ExportController.ExportAction"/>.
</para>
            </summary>
            <value>An <b>IPrintable</b> object that is the control used for exporting. The default value is the TreeListEditor's <see cref="P:DevExpress.ExpressApp.TreeListEditors.Win.TreeListEditor.TreeList"/> property value.

</value>


        </member>
        <member name="E:DevExpress.ExpressApp.TreeListEditors.Win.TreeListEditor.PrintableChanged">
            <summary>
                <para>Occurs when the <see cref="P:DevExpress.ExpressApp.SystemModule.IExportable.Printable"/> control is created and disposed of.
</para>
            </summary>


        </member>
        <member name="P:DevExpress.ExpressApp.TreeListEditors.Win.TreeListEditor.ProcessSelectedItemBySingleClick">
            <summary>
                <para>Specifies whether a List View's record must be processed after a click or a double-click.
</para>
            </summary>
            <value><b>true</b> if a List View's record must be processed after a click; <b>false</b> if a List View's record must be processed after a double-click.
</value>


        </member>
        <member name="M:DevExpress.ExpressApp.TreeListEditors.Win.TreeListEditor.Refresh">
            <summary>
                <para>Refreshes the bound data source of the TreeListEditor's control.
</para>
            </summary>


        </member>
        <member name="M:DevExpress.ExpressApp.TreeListEditors.Win.TreeListEditor.RemoveColumn(DevExpress.ExpressApp.Editors.ColumnWrapper)">
            <summary>
                <para>Removes a particular column from the TreeListEditor's <see cref="P:DevExpress.ExpressApp.TreeListEditors.Win.TreeListEditor.TreeList"/>.
</para>
            </summary>
            <param name="column">
		A <b>ColumnWrapper</b> object representing the column to remove.

            </param>


        </member>
        <member name="P:DevExpress.ExpressApp.TreeListEditors.Win.TreeListEditor.RootValue">
            <summary>
                <para>Specifies the root node.
</para>
            </summary>
            <value>An <see cref="T:DevExpress.Persistent.Base.General.ITreeNode"/> object which specifies the root node. The default value is <i>null</i>.
</value>


        </member>
        <member name="M:DevExpress.ExpressApp.TreeListEditors.Win.TreeListEditor.SaveModel">
            <summary>
                <para>Writes information on a List Editor's control to the Application Model.
</para>
            </summary>


        </member>
        <member name="P:DevExpress.ExpressApp.TreeListEditors.Win.TreeListEditor.SelectionType">
            <summary>
                <para>Returns the selection type supported by the TreeListEditor.
</para>
            </summary>
            <value>A <see cref="T:DevExpress.ExpressApp.SelectionType"/> enumeration value that represents the selection type supported by the current List Editor.
</value>


        </member>
        <member name="M:DevExpress.ExpressApp.TreeListEditors.Win.TreeListEditor.SetMenuManager(DevExpress.Utils.Menu.IDXMenuManager)">
            <summary>
                <para>Sets the <b>IDXMenuManager</b> object that controls the Look &amp; Feel options of the Context Menu Template via the TreeListEditor's control.
</para>
            </summary>
            <param name="manager">
		An <b>IDXMenuManager</b> object that controls the Look &amp; Feel options of the Context Menu Template via the List Editor's control.

            </param>


        </member>
        <member name="M:DevExpress.ExpressApp.TreeListEditors.Win.TreeListEditor.Setup(DevExpress.ExpressApp.CollectionSourceBase,DevExpress.ExpressApp.XafApplication)">
            <summary>
                <para>Performs additional initialization of the TreeListEditor.
</para>
            </summary>
            <param name="collectionSource">
		A <see cref="T:DevExpress.ExpressApp.CollectionSourceBase"/> object that represent the Collection Source of the List View that the current List Editor represents in a UI.

            </param>
            <param name="application">
		An <see cref="T:DevExpress.ExpressApp.XafApplication"/> object that can be used to manage the current application.

            </param>


        </member>
        <member name="P:DevExpress.ExpressApp.TreeListEditors.Win.TreeListEditor.SupportedExportFormats">
            <summary>
                <para>Provides access to the list of export formats supported by the current Tree List Editor.
</para>
            </summary>
            <value>An <b>List&lt;</b><see cref="T:DevExpress.XtraPrinting.ExportTarget"/><b>&gt;</b> object that is a list of supported export formats.
</value>


        </member>
        <member name="P:DevExpress.ExpressApp.TreeListEditors.Win.TreeListEditor.TrackMousePosition">
            <summary>
                <para>Specifies whether mouse tracking is enabled for the TreeListEditor.
</para>
            </summary>
            <value><b>true</b> to enable mouse tracking; otherwise <b>false</b>.
</value>


        </member>
        <member name="P:DevExpress.ExpressApp.TreeListEditors.Win.TreeListEditor.TreeList">
            <summary>
                <para>Provides access to the TreeListEditor's control.
</para>
            </summary>
            <value>A <see cref="T:DevExpress.XtraTreeList.TreeList"/> object that is the <b>TreeListEditor</b>'s control.
</value>


        </member>
        <member name="E:DevExpress.ExpressApp.TreeListEditors.Win.TreeListEditor.TreeListDoubleClick">
            <summary>
                <para>Occurs when the <see cref="T:DevExpress.ExpressApp.TreeListEditors.Win.TreeListEditor"/>'s item is double clicked. 
</para>
            </summary>


        </member>
        <member name="E:DevExpress.ExpressApp.TreeListEditors.Win.TreeListEditor.TreeListKeyDown">
            <summary>
                <para> </para>
            </summary>


        </member>
        <member name="E:DevExpress.ExpressApp.TreeListEditors.Win.TreeListEditor.TreeListMouseClick">
            <summary>
                <para> </para>
            </summary>


        </member>
        <member name="E:DevExpress.ExpressApp.TreeListEditors.Win.TreeListEditor.TreeListMouseDown">
            <summary>
                <para> </para>
            </summary>


        </member>
        <member name="E:DevExpress.ExpressApp.TreeListEditors.Win.TreeListEditor.TreeListMouseMove">
            <summary>
                <para> </para>
            </summary>


        </member>
        <member name="T:DevExpress.ExpressApp.TreeListEditors.Win.CategorizedListEditor">

            <summary>
                <para>Represents a List Editor used to display categorized data.
</para>
            </summary>

        </member>
        <member name="M:DevExpress.ExpressApp.TreeListEditors.Win.CategorizedListEditor.#ctor(DevExpress.ExpressApp.Model.IModelListView)">
            <summary>
                <para>Creates and initializes an instance of the CategorizedListEditor class.
</para>
            </summary>
            <param name="info">
		An <see cref="T:DevExpress.ExpressApp.Model.IModelListView"/> object representing the Application Model's node, which contains information on the View that will use the instantiated List Editor.

            </param>


        </member>
        <member name="P:DevExpress.ExpressApp.TreeListEditors.Win.CategorizedListEditor.CategoriesListView">
            <summary>
                <para>Provides access to the CategorizedListEditor's Categories List View.
</para>
            </summary>
            <value>A <see cref="T:DevExpress.ExpressApp.ListView"/> object that represents the Categories List View.
</value>


        </member>
        <member name="F:DevExpress.ExpressApp.TreeListEditors.Win.CategorizedListEditor.CategoryPropertyName">
            <summary>
                <para>Holds the name of the <see cref="P:DevExpress.Persistent.Base.General.ICategorizedItem.Category"/> property.
</para>
            </summary>
            <returns> </returns>


        </member>
        <member name="M:DevExpress.ExpressApp.TreeListEditors.Win.CategorizedListEditor.Dispose">
            <summary>
                <para>Releases all resources used by the CategorizedListEditor.
</para>
            </summary>


        </member>
        <member name="P:DevExpress.ExpressApp.TreeListEditors.Win.CategorizedListEditor.FocusedObject">
            <summary>
                <para>Gets or sets the focused object in the CategorizedListEditor.
</para>
            </summary>
            <value>The focused object.
</value>


        </member>
        <member name="P:DevExpress.ExpressApp.TreeListEditors.Win.CategorizedListEditor.ObjectTreeList">
            <summary>
                <para>Gets the control that is used to display the <see cref="P:DevExpress.ExpressApp.TreeListEditors.Win.CategorizedListEditor.CategoriesListView"/>.

</para>
            </summary>
            <value>An <b>ObjectTreeList</b> control that is the <see cref="T:DevExpress.XtraTreeList.TreeList"/> descendant and is used to display the Categories List View. 
</value>


        </member>
        <member name="M:DevExpress.ExpressApp.TreeListEditors.Win.CategorizedListEditor.SaveModel">
            <summary>
                <para>Writes information on a List Editor's control to the Application Model.
</para>
            </summary>


        </member>
        <member name="M:DevExpress.ExpressApp.TreeListEditors.Win.CategorizedListEditor.Setup(DevExpress.ExpressApp.CollectionSourceBase,DevExpress.ExpressApp.XafApplication)">
            <summary>
                <para>Performs additional initialization of the CategorizedListEditor.
</para>
            </summary>
            <param name="collectionSource">
		A <see cref="T:DevExpress.ExpressApp.CollectionSourceBase"/> object that represent the Collection Source of the List View that the current List Editor represents in a UI.

            </param>
            <param name="application">
		An <see cref="T:DevExpress.ExpressApp.XafApplication"/> object that can be used to manage the current application. 

            </param>


        </member>
        <member name="T:DevExpress.ExpressApp.TreeListEditors.Win.TreeListEditorsWindowsFormsModule">

            <summary>
                <para> The module contained in the <i>DevExpress.ExpressApp.TreeListEditors.Win.v17.1.dll</i> assembly.
</para>
            </summary>

        </member>
        <member name="M:DevExpress.ExpressApp.TreeListEditors.Win.TreeListEditorsWindowsFormsModule.#ctor">
            <summary>
                <para>Creates an instance of the TreeListEditorsWindowsFormsModule class.
</para>
            </summary>


        </member>
        <member name="M:DevExpress.ExpressApp.TreeListEditors.Win.TreeListEditorsWindowsFormsModule.ExtendModelInterfaces(DevExpress.ExpressApp.Model.ModelInterfaceExtenders)">
            <summary>
                <para>Extends the Application Model with the <see cref="T:DevExpress.ExpressApp.TreeListEditors.Win.IModelColumnTreeListWin"/> interface.
</para>
            </summary>
            <param name="extenders">
		A <b>ModelInterfaceExtenders</b> object that is a collection of Application Model interface extenders. 

            </param>


        </member>
        <member name="M:DevExpress.ExpressApp.TreeListEditors.Win.TreeListEditorsWindowsFormsModule.GetModuleUpdaters(DevExpress.ExpressApp.IObjectSpace,System.Version)">
            <summary>
                <para>Returns the list of <see cref="T:DevExpress.ExpressApp.Updating.ModuleUpdater"/> updaters that handle database updates for the TreeListEditorsWindowsFormsModule module.
</para>
            </summary>
            <param name="objectSpace">
		An <see cref="T:DevExpress.ExpressApp.IObjectSpace"/> object which represents the Object Space used to update the database.

            </param>
            <param name="versionFromDB">
		A <b>System.Version</b> object which represents the current database version.

            </param>
            <returns>An IEnumerable&lt;<see cref="T:DevExpress.ExpressApp.Updating.ModuleUpdater"/>&gt; list of updaters that handle database updates for the TreeListEditorsWindowsFormsModule module.
</returns>


        </member>
        <member name="T:DevExpress.ExpressApp.TreeListEditors.Win.IModelColumnTreeListWin">

            <summary>
                <para>Used to extend the Application Model's Column node.
</para>
            </summary>

        </member>
        <member name="P:DevExpress.ExpressApp.TreeListEditors.Win.IModelColumnTreeListWin.AllNodesSummary">
            <summary>
                <para>Specifies whether the current column's summary is calculated against all tree list nodes or against root nodes only. 
</para>
            </summary>
            <value><b>true</b> if a summary is calculated against all nodes; otherwise, it is calculated only against root nodes.
The default is <b>false</b>. 
</value>


        </member>
    </members>
</doc>
