<?xml version="1.0"?>
<doc>
    <assembly>
        <name>DevExpress.ExpressApp.PivotGrid.Win.v17.1</name>
    </assembly>
    <members>
        <member name="T:DevExpress.ExpressApp.PivotGrid.Win.PivotGridWindowsFormsModule">

            <summary>
                <para>The module contained in the <i>DevExpress.ExpressApp.PivotGrid.Win.v17.1.dll</i> assembly.
</para>
            </summary>

        </member>
        <member name="M:DevExpress.ExpressApp.PivotGrid.Win.PivotGridWindowsFormsModule.#ctor">
            <summary>
                <para>Creates an instance of the PivotGridWindowsFormsModule class.
</para>
            </summary>


        </member>
        <member name="M:DevExpress.ExpressApp.PivotGrid.Win.PivotGridWindowsFormsModule.GetModuleUpdaters(DevExpress.ExpressApp.IObjectSpace,System.Version)">
            <summary>
                <para>Returns the list of <see cref="T:DevExpress.ExpressApp.Updating.ModuleUpdater"/> updaters that handle database updates for the PivotGridWindowsFormsModule module.
</para>
            </summary>
            <param name="objectSpace">
		An <see cref="T:DevExpress.ExpressApp.IObjectSpace"/> object which represents the Object Space used to update the database.

            </param>
            <param name="versionFromDB">
		A <b>System.Version</b> object which represents the current database version.

            </param>
            <returns>An IEnumerable&lt;<see cref="T:DevExpress.ExpressApp.Updating.ModuleUpdater"/>&gt; list of updaters that handle database updates for the PivotGridWindowsFormsModule module.
</returns>


        </member>
        <member name="T:DevExpress.ExpressApp.PivotGrid.Win.PivotGridListEditor">

            <summary>
                <para>Represents the pivot grid List Editor used in the <b>XAF</b> Windows Forms applications.
</para>
            </summary>

        </member>
        <member name="M:DevExpress.ExpressApp.PivotGrid.Win.PivotGridListEditor.#ctor(DevExpress.ExpressApp.Model.IModelListView)">
            <summary>
                <para>Creates and initializes an instance of the PivotGridListEditor class.
</para>
            </summary>
            <param name="model">
		An <see cref="T:DevExpress.ExpressApp.Model.IModelListView"/> object representing the Application Model's node, which contains information on the View that will use the instantiated List Editor.

            </param>


        </member>
        <member name="M:DevExpress.ExpressApp.PivotGrid.Win.PivotGridListEditor.ApplyModel">
            <summary>
                <para>Updates the current List Editor's state in accordance with the information stored in the Application Model.
</para>
            </summary>


        </member>
        <member name="P:DevExpress.ExpressApp.PivotGrid.Win.PivotGridListEditor.BorderStyle">
            <summary>
                <para>Gets or sets the border style for the target Pivot Grid.
</para>
            </summary>
            <value>A <see cref="T:DevExpress.XtraEditors.Controls.BorderStyles"/> enumeration value specifying the border style of the target Pivot Grid.
</value>


        </member>
        <member name="M:DevExpress.ExpressApp.PivotGrid.Win.PivotGridListEditor.BreakLinksToControls">
            <summary>
                <para>Removes references to the PivotGridListEditor's control and its event handlers.
</para>
            </summary>


        </member>
        <member name="M:DevExpress.ExpressApp.PivotGrid.Win.PivotGridListEditor.CanShowPopupMenu(System.Drawing.Point)">
            <summary>
                <para>Returns a Boolean value that indicates whether it is possible to invoke a context menu at the specified position. 
</para>
            </summary>
            <param name="position">
		A <see cref="T:System.Drawing.Point"/> object that specifies the position at which a context menu is invoked.

            </param>
            <returns><b>true</b> if it is possible to invoke a context menu at the specified position; otherwise <b>false</b>.
</returns>


        </member>
        <member name="P:DevExpress.ExpressApp.PivotGrid.Win.PivotGridListEditor.ChartControl">
            <summary>
                <para>Provides access to the PivotGridListEditor's charting control.
</para>
            </summary>
            <value>A <see cref="T:DevExpress.XtraCharts.ChartControl"/> object representing the current List Editor's charting control.
</value>


        </member>
        <member name="F:DevExpress.ExpressApp.PivotGrid.Win.PivotGridListEditor.ChartDesignerType">
            <summary>
                <para>Specifies the Chart Designer as the default chart designer type.

</para>
            </summary>
            <returns> </returns>


        </member>
        <member name="P:DevExpress.ExpressApp.PivotGrid.Win.PivotGridListEditor.ContextMenuTemplate">
            <summary>
                <para>Provides access to the PivotGridListEditor's Context Menu Template.
</para>
            </summary>
            <value>A control which implements the <b>IContextMenuTemplate</b> interface and represents a List Editor's Context Menu Template.
</value>


        </member>
        <member name="M:DevExpress.ExpressApp.PivotGrid.Win.PivotGridListEditor.Dispose">
            <summary>
                <para>Releases all resources used by the PivotGridListEditor.
</para>
            </summary>


        </member>
        <member name="M:DevExpress.ExpressApp.PivotGrid.Win.PivotGridListEditor.OnExporting">
            <summary>
                <para>Performs the required pre-export actions under the <b>PivotGridListEditor</b>.
</para>
            </summary>


        </member>
        <member name="P:DevExpress.ExpressApp.PivotGrid.Win.PivotGridListEditor.PivotGridControl">
            <summary>
                <para>Provides access to the PivotGridListEditor's pivot grid control.
</para>
            </summary>
            <value>A <see cref="T:DevExpress.XtraPivotGrid.PivotGridControl"/> object representing the current List Editor's pivot grid control.
</value>


        </member>
        <member name="P:DevExpress.ExpressApp.PivotGrid.Win.PivotGridListEditor.PopupSite">
            <summary>
                <para>Returns the control over which a context menu is being invoked.
</para>
            </summary>
            <value>A <see cref="T:System.Windows.Forms.Control"/> object that represents the control over which a context menu is being invoked.
</value>


        </member>
        <member name="P:DevExpress.ExpressApp.PivotGrid.Win.PivotGridListEditor.Printable">
            <summary>
                <para>Specifies the control to be exported via the <see cref="P:DevExpress.ExpressApp.SystemModule.ExportController.ExportAction"/>.
</para>
            </summary>
            <value>An <b>IPrintable</b> object that is the control used for exporting.

</value>


        </member>
        <member name="E:DevExpress.ExpressApp.PivotGrid.Win.PivotGridListEditor.PrintableChanged">
            <summary>
                <para>Occurs when the PivotGridListEditor's controls are created and disposed of.
</para>
            </summary>


        </member>
        <member name="M:DevExpress.ExpressApp.PivotGrid.Win.PivotGridListEditor.Refresh">
            <summary>
                <para>Refreshes the bound data source of the PivotGridListEditor's control.
</para>
            </summary>


        </member>
        <member name="M:DevExpress.ExpressApp.PivotGrid.Win.PivotGridListEditor.SaveModel">
            <summary>
                <para>Writes information on a List Editor's control to the Application Model.
</para>
            </summary>


        </member>
        <member name="M:DevExpress.ExpressApp.PivotGrid.Win.PivotGridListEditor.SetMenuManager(DevExpress.Utils.Menu.IDXMenuManager)">
            <summary>
                <para>Sets the <b>IDXMenuManager</b> object that controls the Look &amp; Feel options of the Context Menu Template via the PivotGridListEditor's control. 
</para>
            </summary>
            <param name="manager">
		An <b>IDXMenuManager</b> object that controls the Look &amp; Feel options of the Context Menu Template via the List Editor's control.

            </param>


        </member>
        <member name="P:DevExpress.ExpressApp.PivotGrid.Win.PivotGridListEditor.SupportedExportFormats">
            <summary>
                <para>Provides access to the list of export formats supported by the current Pivot Grid List Editor.
</para>
            </summary>
            <value>An <b>List&lt;</b><see cref="T:DevExpress.XtraPrinting.ExportTarget"/><b>&gt;</b> object that is a list of supported export formats.
</value>


        </member>
    </members>
</doc>
