<?xml version="1.0"?>
<doc>
    <assembly>
        <name>DevExpress.ExpressApp.ScriptRecorder.Win.v17.1</name>
    </assembly>
    <members>
        <member name="T:DevExpress.ExpressApp.ScriptRecorder.Win.ScriptRecorderWindowsFormsModule">

            <summary>
                <para>The module contained in the <i>DevExpress.ExpressApp.ScriptRecorder.Win.v17.1.dll</i> assembly.
</para>
            </summary>

        </member>
        <member name="M:DevExpress.ExpressApp.ScriptRecorder.Win.ScriptRecorderWindowsFormsModule.#ctor">
            <summary>
                <para>Creates an instance of the ScriptRecorderWindowsFormsModule class.
</para>
            </summary>


        </member>
        <member name="M:DevExpress.ExpressApp.ScriptRecorder.Win.ScriptRecorderWindowsFormsModule.GetModuleUpdaters(DevExpress.ExpressApp.IObjectSpace,System.Version)">
            <summary>
                <para>Returns the list of <see cref="T:DevExpress.ExpressApp.Updating.ModuleUpdater"/> updaters that handle database updates for the ScriptRecorderWindowsFormsModule module.
</para>
            </summary>
            <param name="objectSpace">
		An <see cref="T:DevExpress.ExpressApp.IObjectSpace"/> object which represents the Object Space used to update the database.

            </param>
            <param name="versionFromDB">
		A <b>System.Version</b> object which represents the current database version.

            </param>
            <returns>An IEnumerable&lt;<see cref="T:DevExpress.ExpressApp.Updating.ModuleUpdater"/>&gt; list of updaters that handle database updates for the ScriptRecorderWindowsFormsModule module.
</returns>


        </member>
        <member name="M:DevExpress.ExpressApp.ScriptRecorder.Win.ScriptRecorderWindowsFormsModule.Setup(DevExpress.ExpressApp.XafApplication)">
            <summary>
                <para>Sets up the ScriptRecorderWindowsFormsModule after it has been added to the <see cref="P:DevExpress.ExpressApp.XafApplication.Modules"/> collection.
</para>
            </summary>
            <param name="application">
		An <see cref="T:DevExpress.ExpressApp.XafApplication"/> object that provides methods and properties to manage the current application. This parameter value is set for the <see cref="P:DevExpress.ExpressApp.ModuleBase.Application"/> property.

            </param>


        </member>
    </members>
</doc>
